Setup,Technique,Weight,Accuracy,Precision,Recall,F1
early_warning,Logistic Regression,None,0.696,0.7,0.212,0.311
early_warning,Logistic Regression,balanced,0.7,0.573,0.397,0.454
early_warning,Decision Tree (depth=4),None,0.703,0.657,0.299,0.4
early_warning,Decision Tree (depth=4),balanced,0.617,0.422,0.482,0.444
confirmatory_g1,Logistic Regression,None,0.855,0.776,0.79,0.78
confirmatory_g1,Logistic Regression,balanced,0.829,0.707,0.838,0.765
confirmatory_g1,Decision Tree (depth=4),None,0.839,0.818,0.646,0.719
confirmatory_g1,Decision Tree (depth=4),balanced,0.798,0.663,0.838,0.728
confirmatory_g1_g2,Logistic Regression,None,0.889,0.832,0.828,0.829
confirmatory_g1_g2,Logistic Regression,balanced,0.864,0.745,0.904,0.815
confirmatory_g1_g2,Decision Tree (depth=4),None,0.893,0.824,0.857,0.839
confirmatory_g1_g2,Decision Tree (depth=4),balanced,0.87,0.766,0.876,0.814
